Orientation,Intensity
0,0.264524567672444
90,0.248970542943954
180,0.25356092153047
270,0.232943967853068
