Orientation,Intensity
0,0.253583537911297
90,0.247269657599464
180,0.253452539104406
270,0.245694265384786
